CÓDIGO,NOMBRE,OBSERVACIONES,,,,
10054161,BIN,,,,,
10054163,BIN,,,,,
10054167,BIN,,,,,
10054168,BIN,,,,,
10054169,BIN,,,,,
10054170,BIN,,,,,
10054171,BIN,,,,,
10054172,BIN,,,,,
10054173,BIN,,,,,
10054176,BIN,,,,,
10054177,BIN,,,,,
10054178,BIN,,,,,
10054179,BIN,,,,,
10054180,BIN,,,,,
10054181,BIN,,,,,
10071717,MESA DE MADERA,,,,,
10071718,MESA DE MADERA,,,,,
10071719,MESA DE MADERA,,,,,
10071720,MESA DE MADERA,,,,,
10071722,MESA DE MADERA,,,,,
10071723,MESA DE MADERA,,,,,
10071724,MESA DE MADERA,,,,,
10071725,MESA DE MADERA,,,,,
10071817,SILLA,,,,,
10071818,SILLA,,,,,
10071819,SILLA,,,,,
10071820,SILLA,,,,,
10071821,SILLA,,,,,
10071822,SILLA,,,,,
10071824,SILLA,,,,,
10074101,RACK MOVIL,,,,,
10074102,RACK MOVIL,,,,,
10074103,RACK MOVIL,,,,,
10074104,RACK MOVIL,,,,,
10074301,PIZARRON BLANCO,,,,,
10074302,PIZARRON BLANCO,,,,,
11071101,MESA 1 GT2,,,,,
11071210,MESA 5 GT1,,,,,
11073101,BANCO DE TRABAJO,,,,,
11073307,SILLA DE TRABAJO CON RUEDAS,,,,,
11154303,ARCO BIN,,,,,
11171111,MESA 4 GT1,,,,,
11173308,SILLA DE TRABAJO CON RUEDAS,,,,,
11271212,MESA 6 GT1,,,,,
11273309,SILLA DE TRABAJO CON RUEDAS,,,,,
11371701,MESA DE TRABAJO,,,,,
11371701,MESA DE MADERA,,,,,
11371801,SILLA,,,,,
11471802,SILLA,,,,,
11571703,MESA DE TRABAJO,,,,,
11571703,MESA DE MADERA,,,,,
11571803,SILLA,,,,,
11671704,MESA DE TRABAJO,,,,,
11671704,MESA DE MADERA,,,,,
11671804,SILLA,,,,,
11771705,MESA DE TRABAJO,,,,,
11771705,MESA DE MADERA,,,,,
11771805,SILLA,,,,,
11871706,MESA DE TRABAJO,,,,,
11871706,MESA DE MADERA,,,,,
11871806,SILLA,,,,,
12041201,HERRAMIENTA SEMIAUTOMÁTICA PANTALLA,,,,,
12042201,HERRAMIENTA SEMIAUTOMÁTICA CPU,,,,,
12071202,MESA 6 GT2,,,,,
12073301,SILLA DE TRABAJO CON RUEDAS,,,,,
13071103,MESA 2 GT2,,,,,
13073102,BANCO DE TRABAJO,,,,,
14071204,MESA 4 GT2,,,,,
14073302,SILLA DE TRABAJO CON RUEDAS,,,,,
15071105,MESA 3 GT2,,,,,
15073103,BANCO DE TRABAJO,,,,,
16071206,MESA 5 GT2,,,,,
16073303,SILLA DE TRABAJO CON RUEDAS,,,,,
17054301,ARCO BIN,,,,,
17071107,MESA 1 GT1,,,,,
17073304,SILLA DE TRABAJO CON RUEDAS,,,,,
18041202,ENSAMBLE MANUAL PANTALLA,,,,,
18042202,ENSAMBLE MANUAL CPU,,,,,
18071208,MESA 3 GT1,,,,,
18073305,SILLA DE TRABAJO CON RUEDAS,,,,,
19054302,ARCO BIN,,,,,
19071109,MESA 2 GT1,,,,,
19073306,SILLA DE TRABAJO CON RUEDAS,,,,,
20074201,BANDA TRANSPORTADORA,,,,,
20074202,BANDA TRANSPORTADORA,,,,,
21071301,ESTACION DE ENSAMBLE,,,,,
21071710,MESA DE TRABAJO,,,,,
21071810,SILLA,,,,,
21073201,SILLA DE TRABAJO FIJA,,,,,
21171711,MESA DE TRABAJO,,,,,
21171711,MESA DE MADERA,,,,,
21171811,SILLA,,,,,
21271712,MESA DE TRABAJO,,,,,
21271712,MESA DE MADERA,,,,,
21271812,SILLA,,,,,
21371713,MESA DE TRABAJO,,,,,
21371713,MESA DE MADERA,,,,,
21371813,SILLA,,,,,
21471714,MESA DE TRABAJO,,,,,
21471714,MESA DE MADERA,,,,,
21571715,MESA DE TRABAJO,,,,,
21571815,SILLA,,,,,
21671716,MESA DE TRABAJO,,,,,
21671716,MESA DE MADERA,,,,,
21671816,SILLA,,,,,
22071302,ESTACION DE ENSAMBLE,,,,,
22073202,SILLA DE TRABAJO FIJA,,,,,
23071303,ESTACION DE ENSAMBLE,,,,,
23073203,SILLA DE TRABAJO FIJA,,,,,
24071304,ESTACION DE ENSAMBLE,,,,,
24073204,SILLA DE TRABAJO FIJA,,,,,
25071305,ESTACION DE ENSAMBLE,,,,,
25073205,SILLA DE TRABAJO FIJA,,,,,
26071306,ESTACION DE ENSAMBLE,,,,,
26073206,SILLA DE TRABAJO FIJA,,,,,
27071707,MESA DE TRABAJO,,,,,
27071707,MESA DE MADERA,,,,,
27071807,SILLA,,,,,
28071708,MESA DE MADERA,,,,,
28071808,SILLA,,,,,
29071709,MESA DE MADERA,,,,,
29071809,SILLA,,,,,
30073207,SILLA DE TRABAJO FIJA,,,,,
31041101,ESTACIÓN DE CALIDAD 1 MONITOR,,,,,
31042101,ESTACIÓN DE CALIDAD 1 CPU,,,,,
31054101,BIN,,,,,
31054114,BIN,,,,,
31054117,BIN,,,,,
31054130,BIN,,,,,
31054133,BIN,,,,,
31054164,BIN,,,,,
31071401,ESTACION DE CALIDAD,,,,,
31073210,SILLA DE TRABAJO FIJA,,,,,
32041102,ESTACIÓN DE CALIDAD 3 MONITOR,,,,,
32042102,ESTACIÓN DE CALIDAD 3 CPU,,,,,
32054102,BIN,,,,,
32054115,BIN,,,,,
32054118,BIN,,,,,
32054131,BIN,,,,,
32054134,BIN,,,,,
32054165,BIN,,,,,
32071402,ESTACION DE CALIDAD,,,,,
33041103,REGISTRO Y MONITOREO MONITOR,,,,,
33054103,BIN,,,,,
33054116,BIN,,,,,
33054119,BIN,,,,,
33054132,BIN,,,,,
33054135,BIN,,,,,
33054166,BIN,,,,,
33071403,ESTACION DE CALIDAD,,,,,
33073212,SILLA DE TRABAJO FIJA,,,,,
34041301,ESTACIÓN DE CALIDAD 2 MONITOR,,,,,
34042103,ESTACIÓN DE CALIDAD 2 CPU,,,,,
34042301,REGISTRO Y MONITOREO CPU,,,,,
34043301,REGISTRO Y MONITOREO TECLADO,,,,,
34044301,REGISTRO Y MONITOREO MOUSE,,,,,
34071601,ESTACION DE REGISTROS Y MONITOREO,,,,,
34073213,SILLA DE TRABAJO FIJA,,,,,
35072301,SECCION MIXTA,,,,,
36072201,SECCIÓN ALTURAS,,,,,
37071901,BANCO SMART MET,,,,,
37071902,BANCO SMART MET,,,,,
37071903,BANCO DE MADERA,,,,,
37072101,SECCIÓN ANCHURAS,,,,,
38041401,DISEÑO DE LUGAR DE TRABAJO MONITOR,,,,,
38042401,DISEÑO DE LUGAR DE TRABAJO CPU,,,,,
38042501,DISEÑO DE LUGAR DE TRABAJO CONTROL DE VIDEO,,,,,
38043401,DISEÑO DE LUGAR DE TRABAJO TECLADO,,,,,
38044401,DISEÑO DE LUGAR DE TRABAJO MOUSE,,,,,
38054201,BIN CON CHUPON,,,,,
38054202,BIN CON CHUPON,,,,,
38054203,BIN CON CHUPON,,,,,
38054204,BIN CON CHUPON,,,,,
38054205,BIN CON CHUPON,,,,,
38054206,BIN CON CHUPON,,,,,
38054207,BIN CON CHUPON,,,,,
38054208,BIN CON CHUPON,,,,,
38071501,DISEÑO DE ESTACIONES,,,,,
38073214,SILLA DE TRABAJO FIJA,,,,,
38073215,SILLA DE TRABAJO FIJA,,,,,
40071826,SILLA,,,,,
40073209,SILLA DE TRABAJO FIJA,,,,,
41141601,COMPUTADORA DELL,,,,,
41141602,COMPUTADORA DELL,,,,,
41141603,COMPUTADORA DELL,,,,,
41142601,TELÉFONO,,,,,
41171701,ESCRITORIO,,,,,
41171702,ESCRITORIO,,,,,
41171703,ESCRITORIO,,,,,
41242001,PLÓTER,,,,,
41341901,IMPRESORA,,,,,
41372001,ESTANTE,,,,,
41372401,LIBRERO,,,,,
50035101,DREMEL CON ACCESORIOS PUNTA DELGADA,,,,,
50035102,DREMEL CON ACCESORIOS PUNTA DELGADA,,,,,
50035103,DREMEL CON ACCESORIOS PUNTA DELGADA,,,,,
50035104,DREMEL ACCESORIO PUNTA GRUESA,,,,,
50035105,DREMEL ACCESORIO PUNTA GRUESA,,,,,
50035106,DREMEL ACCESORIO PUNTA GRUESA,,,,,
50037101,MEGA JUEGO DE ACCESORIOS DIVERSOS,,,,,
50038101,TALADRO DE COLUMNA DE BANCO,,,,,
50038102,TALADRO DE COLUMNA DE BANCO,,,,,
50038201,SIERRA CALADORA,,,,,
50038202,SIERRA CALADORA,,,,,
50055101,AUDIFONOS,,,,,
50055102,AUDIFONOS,,,,,
50055103,AUDIFONOS,,,,,
50055104,AUDIFONOS,,,,,
50055105,AUDIFONOS,,,,,
50055106,AUDIFONOS,,,,,
50055107,AUDIFONOS,,,,,
50055108,AUDIFONOS,,,,,
50055109,AUDIFONOS,,,,,
50055110,AUDIFONOS,,,,,
50055111,AUDIFONOS,,,,,
50055112,AUDIFONOS,,,,,
50057101,TABLA CON CLIP,,,,,
50057102,TABLA CON CLIP,,,,,
50057103,TABLA CON CLIP,,,,,
50057104,TABLA CON CLIP,,,,,
50057105,TABLA CON CLIP,,,,,
50057106,TABLA CON CLIP,,,,,
50057107,TABLA CON CLIP,,,,,
50057108,TABLA CON CLIP,,,,,
50057109,TABLA CON CLIP,,,,,
50057110,TABLA CON CLIP,,,,,
50071725,MESA DE TRABAJO,,,,,
50256201,SANDWICHERA,,,,,
50256202,SANDWICHERA,,,,,
50256203,SANDWICHERA,,,,,
50256204,SANDWICHERA,,,,,
50256205,SANDWICHERA,,,,,
50256206,SANDWICHERA,,,,,
51019101,CÁMARA TERMOGRÁFICA,,,,,
51056301,EXPRIMIDOR DE JUGOS,,,,,
51056302,EXPRIMIDOR DE JUGOS,,,,,
51056303,EXPRIMIDOR DE JUGOS,,,,,
51056304,EXPRIMIDOR DE JUGOS,,,,,
51056305,EXPRIMIDOR DE JUGOS,,,,,
51056306,EXPRIMIDOR DE JUGOS,,,,,
51114101,VERNIER,,,,,
51114102,VERNIER,,,,,
51114103,VERNIER,,,,,
51114201,CABLE CONEXIÓN VERNIER,,,,,
51114202,CABLE CONEXIÓN VERNIER,,,,,
51114203,CABLE CONEXIÓN VERNIER,,,,,
51115201,CABLE CONEXIÓN MICRÓMETRO,,,,,
51115202,CABLE CONEXIÓN MICRÓMETRO,,,,,
51115203,CABLE CONEXIÓN MICRÓMETRO,,,,,
51116201,CABLE CONEXIÓN MEDIDOR DE ALTURAS,,,,,
51116202,CABLE CONEXIÓN MEDIDOR DE ALTURAS,,,,,
51116203,CABLE CONEXIÓN MEDIDOR DE ALTURAS,,,,,
51117101,SONÓMETRO,,,,,
51117102,SONÓMETRO,,,,,
51117103,SONÓMETRO,,,,,
51117104,SONÓMETRO,,,,,
51117105,SONÓMETRO,,,,,
51117201,LUXÓMETRO,SIN CAJA,,,,
51117202,LUXÓMETRO,,,,,
51117203,LUXÓMETRO,,,,,
51117204,LUXÓMETRO,,,,,
51117205,LUXÓMETRO,,,,,
51117206,LUXÓMETRO,,,,,
51118101,GONIÓMETRO,,,,,
51215101,MICRÓMETRO,,,,,
51215102,MICRÓMETRO,NO ENCIENDE,,,,
51215103,MICRÓMETRO,,,,,
51216101,MEDIDOR DE ALTURAS,,,,,
51216102,MEDIDOR DE ALTURAS,,,,,
51216103,MEDIDOR DE ALTURAS,NO ENCIENDE,,,,
51238301,DESTORNILLADOR INALÁMBRICO,,,,,
51238302,DESTORNILLADOR INALÁMBRICO,,,,,
51238303,DESTORNILLADOR INALÁMBRICO,,,,,
51238304,DESTORNILLADOR INALÁMBRICO,,,,,
51238305,DESTORNILLADOR INALÁMBRICO,,,,,
51313103,CINTA METRICA,,,,,
51313301,BÁSCULA,NO ENCIENDE,,,,
51316103,MEDIDOR DE ALTURAS,,,,,
51347301,JUEGO DE BOCINAS,,,,,
51347302,JUEGO DE BOCINAS,,,,,
51347303,JUEGO DE BOCINAS,,,,,
51347304,JUEGO DE BOCINAS,,,,,
51421101,TAPONES PARA OÍDOS,,,,,
51422102,MASCARILLA PROTECTORA,,,,,
51422103,MASCARILLA PROTECTORA,,,,,
51422104,MASCARILLA PROTECTORA,,,,,
51422105,MASCARILLA PROTECTORA,,,,,
51424101,GUANTES DE PRECISIÓN,,,,,
51424102,GUANTES DE PRECISIÓN,,,,,
51424103,GUANTES DE PRECISIÓN,,,,,
51424104,GUANTES DE PRECISIÓN,,,,,
51424105,GUANTES DE PRECISIÓN,,,,,
51424106,GUANTES DE PRECISIÓN,,,,,
51424107,GUANTES DE PRECISIÓN,,,,,
51424201,GUANTES,,,,,
51424202,GUANTES,,,,,
51424203,GUANTES,,,,,
51424204,GUANTES,,,,,
51424205,GUANTES,,,,,
51424206,GUANTES,,,,,
51424207,GUANTES,,,,,
51424208,GUANTES,,,,,
51425101,GAFAS DE SEGURIDAD,,,,,
51425102,GAFAS DE SEGURIDAD,,,,,
51425104,GAFAS DE SEGURIDAD,,,,,
51425105,GAFAS DE SEGURIDAD,,,,,
51425106,GAFAS DE SEGURIDAD,,,,,
51425107,GAFAS DE SEGURIDAD,,,,,
51425108,GAFAS DE SEGURIDAD,,,,,
51425109,GAFAS DE SEGURIDAD,,,,,
51425110,GAFAS DE SEGURIDAD,,,,,
51425111,GAFAS DE SEGURIDAD,,,,,
51425112,GAFAS DE SEGURIDAD,,,,,
51425113,GAFAS DE SEGURIDAD,,,,,
51523101,COFIA,,,,,
51526101,CHALECO DE SEGURIDAD,,,,,
51526102,CHALECO DE SEGURIDAD,,,,,
51526103,CHALECO DE SEGURIDAD,,,,,
51527101,PROTECTOR FACIAL,,,,,
51527201,CASCO DE SEGURIDAD,,,,,
51527202,CASCO DE SEGURIDAD,,,,,
51528101,ARNES,,,,,
51528102,ARNES,,,,,
51529101,BOTAS INDUSTRIALES,,,,,
52113201,ANTROPÓMETRO,,,,,
52113202,ANTROPÓMETRO,,,,,
52113203,ANTROPÓMETRO,,,,,
52113204,ANTROPÓMETRO,,,,,
52113205,ANTROPÓMETRO,,,,,
52113301,BASCULA,,,,,
52143101,TECLADO ESTACION DE CALIDAD,,,,,
52143102,TECLADO ESTACION DE CALIDAD,,,,,
52143103,TECLADO ESTACION DE CALIDAD,,,,,
52143201,TECLADO ESTACION DE TRABAJO,,,,,
52143202,TECLADO ESTACION DE TRABAJO,,,,,
52143501,TECLADO ADICIONAL,,,,,
52143502,TECLADO ADICIONAL,,,,,
52145101,CAÑON LCD,,,,,
52145201,CABLE ALIMENTACIÓN ,,,,,
52145202,CABLE ALIMENTACIÓN ,,,,,
52145301,CABLE VGA,,,,,
52145302,CABLE VGA,,,,,
52244101,MOUSE ESTACION DE CALIDAD,,,,,
52244102,MOUSE ESTACION DE CALIDAD,,,,,
52244103,MOUSE ESTACION DE CALIDAD,,,,,
52244107,MOUSE ESTACION DE TRABAJO 2,,,,,
52244201,MOUSE ESTACION DE TRABAJO 1,,,,,
52244202,MOUSE ESTACION DE TRABAJO 2,,,,,
52244203,MOUSE ESTACION DE TRABAJO 3,,,,,
52244204,MOUSE ESTACION DE TRABAJO 1,,,,,
52244205,MOUSE ESTACION DE TRABAJO 2,,,,,
52244206,MOUSE ESTACION DE TRABAJO 3,,,,,
52244208,MOUSE ESTACION DE TRABAJO1,,,,,
52245201,CABLE ALIMENTACIÓN PARA PLC ,,,,,
52245202,CABLE ALIMENTACIÓN PARA PLC,,,,,
52245301,CABLE VGA PARA BANDA,,,,,
52245302,CABLE VGA PARA BANDA,,,,,
52245303,CABLE VGA PARA BANDA,,,,,
52245304,CABLE VGA PARA BANDA,,,,,
52245305,CABLE VGA PARA BANDA,,,,,
52245306,CABLE VGA PARA BANDA,,,,,
52245307,CABLE VGA PARA BANDA,,,,,
52245308,CABLE VGA PARA BANDA,,,,,
52246101,CONTROL,,,,,
52246102,CONTROL,,,,,
52246103,CONTROL,,,,,
52246104,CONTROL,,,,,
52265101,MANUAL TECLADO MICROSOFT Y TECLADO USB,,,,,
52265102,INSTRUCITVO CARROS DE METAL,,,,,
52265103,MANUALES CRONOMETRO SPORTLINE Y EXTECH,,,,,
52265104,DOCUMENTOS CAMARA TERMOGRAFICA,,,,,
52265105,MANUAL MEDIDORES SONIDO Y LUMINICIDAD,,,,,
52265106,INSTRUCTIVO RESPIRADOR,,,,,
52265107,MANUEAL SECA BASCULA Y CINTA METRICA,,,,,
52265108,MANUAL MEDIDOR ALTURAS Y MICROMETRO,,,,,
52265109,MANUAL TALADRO COLUMNA DE BANCO,,,,,
52265110,PROGRAMA DE CAPACITACION,,,,,
52265111,"MANUAL SIERRA CORTADORA DE 16""",,,,,
52311301,CRONÓMETRO CONTROL COMPANY,,,,,
52311302,CRONÓMETRO CONTROL COMPANY,,,,,
52311303,CRONÓMETRO CONTROL COMPANY,,,,,
52311304,CRONÓMETRO CONTROL COMPANY,,,,,
52311305,CRONÓMETRO CONTROL COMPANY,,,,,
52313201,ANTROPÓMETRO CHICO,,,,,
52313202,ANTROPÓMETRO CHICO,,,,,
52313203,ANTROPÓMETRO CHICO,,,,,
52331101,DESARMADOR KIT HERRAMIENTA (PLANO) LARGO,,,,,
52331102,DESARMADOR KIT HERRAMIENTA (PLANO) MEDIANO,,,,,
52331201,DESARMADOR KIT HERRAMIENTA (CRUZ) LARGO,,,,,
52331202,DESARMADOR KIT HERRAMIENTA (CRUZ) MEDIANO,,,,,
52331301,DESARMADOR KIT HERRAMIENTA TIPO EXTENSIBLE,,,,,
52331807,DESARMADOR PUNTAS INTERCAMBIABLES,,,,,
52331808,DESARMADOR PUNTAS INTERCAMBIABLES,,,,,
52331809,DESARMADOR PUNTAS INTERCAMBIABLES,,,,,
52331810,DESARMADOR PUNTAS INTERCAMBIABLES,,,,,
52332101,JUEGO DE PUNTAS PLANAS (KIT HERRAMIENTA),,,,,
52332201,JUEGO DE PUNTAS ESTRELLA (KIT HERRAMIENTA),,,,,
52332301,JUEGO DE PUNTAS HEXÁGONO (KIT HERRAMIENTA),,,,,
52332401,JUEGO DE PUNTAS CRUZ (KIT HERRAMIENTA),,,,,
52333101,"LLAVE 5/16"" SAE ",,,,,
52333102,"LLAVE 3/8"" SAE ",,,,,
52333103,"LLAVE 7/16"" SAE",,,,,
52333104,"LLAVE 1/2"" SAE",,,,,
52333105,"LLAVE 9/16"" SAE",,,,,
52333106,"LLAVE 5/8"" SAE",,,,,
52333107,LLAVE 8mm METRIC,,,,,
52333108,LLAVE 10 mm METRIC,,,,,
52333109,LLAVE 12 mm METRIC,,,,,
52333110,LLAVE 13 mm METRIC,,,,,
52333111,LLAVE 14 mm METRIC,,,,,
52333112,LLAVE 15 mm METRIC,,,,,
52333201,"DADO 3/4"" (LARGO)",,,,,
52333202,"DADO 11/16"" (LARGO)",,,,,
52333203,"DADO 9/16"" (LARGO)",,,,,
52333204,"DADO 1/2"" (LARGO)",,,,,
52333205,"DADO 7/16"" (LARGO)",,,,,
52333206,"DADO 7/8"" (ANCHO)",,,,,
52333207,"DADO 3/4"" (ANCHO)",,,,,
52333208,"DADO 5/8"" (ANCHO)",,,,,
52333209,"DADO 9/16"" (ANCHO)",,,,,
52333210,"DADO 1/2"" (ANCHO)",,,,,
52333211,"DADO 3/4"" (MEDIANO)",,,,,
52333212,"DADO 11/16""( MEDIANO)",,,,,
52333213,"DADO 5/8"" (MEDIANO)",,,,,
52333214,"DADO 9/16"" (MEDIANO)",,,,,
52333215,"DADO 1/2"" (MEDIANO)",,,,,
52333216,"DADO 7/16"" (PEQUEÑO)",,,,,
52333217,"DADO 3/8"" (PEQUEÑO)",,,,,
52333218,"DADO 5/16"" (PEQUEÑO)",,,,,
52333219,"DADO 9/16"" (PEQUEÑO)",,,,,
52333220,"DADO 1/2"" (PEQUEÑO)",,,,,
52333221,"DADO 7/16"" (PEQUEÑO)",,,,,
52333222,"DADO 3/8"" (MINI)",,,,,
52333223,"DADO 11/32"" (MINI)",,,,,
52333224,"DADO 5/16"" (MINI)",,,,,
52333225,"DADO 9/32"" (MINI)",,,,,
52333226,"DADO 1/4"" (MINI)",,,,,
52333227,"DADO 7/32"" (MINI)",,,,,
52333228,"DADO 3/16"" (MINI)",,,,,
52333229,DADO 17mm (LARGO),,,,,
52333230,DADO 15mm (LARGO),,,,,
52333231,DADO 14 mm (LARGO),,,,,
52333232,DADO 13mm (LARGO),,,,,
52333233,DADO 12mm (LARGO),,,,,
52333234,DADO 21mm (ANCHO),,,,,
52333235,DADO 19mm (ANCHO),,,,,
52333236,DADO 18mm (ANCHO),,,,,
52333237,DADO 17mm (ANCHO),,,,,
52333238,DADO 15mm (ANCHO),,,,,
52333239,DADO 19mm (MEDIANO),,,,,
52333240,DADO 17mm (MEDIANO),,,,,
52333241,DADO 15mm (MEDIANO),,,,,
52333242,DADO 14mm (MEDIANO),,,,,
52333243,DADO 13mm (MEDIANO),,,,,
52333244,DADO 12mm (PEQUEÑO),,,,,
52333245,DADO 10mm (PEQUEÑO),,,,,
52333246,DADO 9mm (PEQUEÑO),,,,,
52333247,DADO 13mm (PEQUEÑO),,,,,
52333248,DADO 12mm (PEQUEÑO),,,,,
52333249,DADO 11mm (PEQUEÑO),,,,,
52333250,DADO 10mm (MINI),,,,,
52333251,DADO 9mm (MINI),,,,,
52333252,DADO 8mm (MINI),,,,,
52333253,DADO 7mm (MINI),,,,,
52333254,DADO 6mm (MINI),,,,,
52333255,DADO 5mm (MINI),,,,,
52333256,DADO 4mm (MINI),,,,,
52333301,"MATRACA 1/2""",,,,,
52333302,"MATRACA 3/8""",,,,,
52333303,"MATRACA 1/4""",,,,,
52333401,PINZAS DE PUNTA,,,,,
52333402,PINZAS DE CORTE,,,,,
52333501,"EXTENSIÓN 1/4"" DR 3"" EXT",,,,,
52333502,"EXTENSIÓN 3/8"" DR 3"" EXT",,,,,
52333503,"EXTENSIÓN 3/8"" DR 6"" EXT",,,,,
52333504,"EXTENSIÓN 1/2"" DR 5"" EXT",,,,,
52333601,"ADAPTADOR 5/8"" SPARK PLUG SOCKET",,,,,
52333602,"ADAPTADOR 13/16"" SPARK PLUG SOCKET",,,,,
52334101,JUEGO DE LLAVES MÉTRICA (K. HTA),,,,,
52334201,JUEGO DE LLAVES ESTÁNDAR (K. HTA),,,,,
52334301,JUEGO DE LLAVES ALLEN (MÉTRICA/ESTÁNDAR),,,,,
52334401,PINZAS DE PUNTA/CORTE,,,,,
52334402,PINZAS DE PUNTA/CORTE,,,,,
52334403,PINZAS DE PUNTA/CORTE,,,,,
52334501,PINZAS DE CHOFER,,,,,
52334601,PINZAS DE ELECTRICISTA,,,,,
52334701,LLAVE DE AJUSTE,,,,,
52334801,PINZAS DE PRESIÓN,,,,,
52337201,KIT DE BROCAS SKIL,,,,,
52337202,BROCA PARA CONCRETO,,,,,
52337203,KIT 10 BROCAS MIXTO TRIUMPH,,,,,
52337204,KIT 9 BROCAS MIXTO TRUPER,,,,,
52338401,(JUEGO DE LLAVES) LLAVE 1/4,,,,,
52338402,(JUEGO DE LLAVES) LLAVE 5/16,,,,,
52338403,(JUEGO DE LLAVES) LLAVE 3/8,,,,,
52338404,(JUEGO DE LLAVES) LLAVE 7/16,,,,,
52338405,(JUEGO DE LLAVES) LLAVE 1/2,,,,,
52338406,(JUEGO DE LLAVES) LLAVE 9/16,,,,,
52338407,(JUEGO DE LLAVES) LLAVE 5/8,,,,,
52338408,(JUEGO DE LLAVES) LLAVE 11/16,,,,,
52338409,(JUEGO DE LLAVES) LLAVE 3/4,,,,,
52338410,(JUEGO DE LLAVES) LLAVE 7/16,,,,,
52338411,(JUEGO DE LLAVES) LLAVE 8mm,,,,,
52338412,(JUEGO DE LLAVES) LLAVE 9mm,,,,,
52338413,(JUEGO DE LLAVES) LLAVE 10mm,,,,,
52338414,(JUEGO DE LLAVES) LLAVE 11mm,,,,,
52338415,(JUEGO DE LLAVES) LLAVE 12mm,,,,,
52338416,(JUEGO DE LLAVES) LLAVE 13mm,,,,,
52338417,(JUEGO DE LLAVES) LLAVE 14mm,,,,,
52338418,(JUEGO DE LLAVES) LLAVE 15mm,,,,,
52338419,(JUEGO DE LLAVES) LLAVE 17mm,,,,,
52338420,(JUEGO DE LLAVES) LLAVE 18mm,,,,,
52339001,EXTENCION,,,,,
53051201,JUEGO LEGO 500 PIEZAS,,,,,
53051202,JUEGO LEGO 500 PIEZAS,,,,,
53051203,JUEGO LEGO 500 PIEZAS,,,,,
53051204,JUEGO LEGO 500 PIEZAS,,,,,
53051205,JUEGO LEGO 500 PIEZAS,,,,,
53051206,JUEGO LEGO 500 PIEZAS,,,,,
53131701,DESARMADOR VERDE,,,,,
53131702,DESARMADOR VERDE,,,,,
53131703,DESARMADOR VERDE,,,,,
53131704,DESARMADOR VERDE,,,,,
53131705,DESARMADOR VERDE,,,,,
53131706,DESARMADOR VERDE,,,,,
53131707,DESARMADOR VERDE,,,,,
53131708,DESARMADOR VERDE,,,,,
53131709,DESARMADOR VERDE,,,,,
53131710,DESARMADOR VERDE,,,,,
53131711,DESARMADOR VERDE,,,,,
53131712,DESARMADOR VERDE,,,,,
53131713,DESARMADOR VERDE,,,,,
53131714,DESARMADOR VERDE,,,,,
53131715,DESARMADOR VERDE,,,,,
53131716,DESARMADOR VERDE,,,,,
53131717,DESARMADOR VERDE,,,,,
53131718,DESARMADOR VERDE,,,,,
53131719,DESARMADOR VERDE,,,,,
53131720,DESARMADOR VERDE,,,,,
53131721,DESARMADOR VERDE,,,,,
53131722,DESARMADOR VERDE,,,,,
53131723,DESARMADOR VERDE,,,,,
53131724,DESARMADOR VERDE,,,,,
53151101,JUEGO LEGO 650 PIEZAS,,,,,
53151102,JUEGO LEGO 650 PIEZAS,,,,,
53151301,JUEGO LEGO 950 PIEZAS,,,,,
53151401,PRESENTADOR,,,,,
53151402,PRESENTADOR,,,,,
53151403,PRESENTADOR,,,,,
53151404,PRESENTADOR,,,,,
53151405,PRESENTADOR,,,,,
53151406,PRESENTADOR,,,,,
53151407,PRESENTADOR,,,,,
53151408,PRESENTADOR,,,,,
53151409,PRESENTADOR,,,,,
53151410,PRESENTADOR,,,,,
53151411,PRESENTADOR,,,,,
53151412,PRESENTADOR,,,,,
53151413,PRESENTADOR,,,,,
53151414,PRESENTADOR,,,,,
53151415,PRESENTADOR,,,,,
53151416,PRESENTADOR,,,,,
53151417,PRESENTADOR,,,,,
53151418,PRESENTADOR,,,,,
53151419,PRESENTADOR,,,,,
53151420,PRESENTADOR,,,,,
53151421,PRESENTADOR,,,,,
53152101,CARRITO DE METAL,,,,,
53152102,CARRITO DE METAL,,,,,
53152103,CARRITO DE METAL,,,,,
53152104,CARRITO DE METAL,,,,,
53152105,CARRITO DE METAL,,,,,
53152106,CARRITO DE METAL,,,,,
53152107,CARRITO DE METAL,,,,,
53152108,CARRITO DE METAL,,,,,
53152109,CARRITO DE METAL,,,,,
53152110,CARRITO DE METAL,,,,,
53152111,CARRITO DE METAL,,,,,
53152112,CARRITO DE METAL,,,,,
53152113,CARRITO DE METAL,,,,,
53152114,CARRITO DE METAL,,,,,
53152115,CARRITO DE METAL,,,,,
53152116,CARRITO DE METAL,,,,,
53152117,CARRITO DE METAL,,,,,
53152118,CARRITO DE METAL,,,,,
53152119,CARRITO DE METAL,,,,,
53152120,CARRITO DE METAL,,,,,
53152121,CARRITO DE METAL,,,,,
53152122,CARRITO DE METAL,,,,,
53152123,CARRITO DE METAL,,,,,
53152124,CARRITO DE METAL,,,,,
53152125,CARRITO DE METAL,,,,,
53152126,CARRITO DE METAL,,,,,
53152127,CARRITO DE METAL,,,,,
53152128,CARRITO DE METAL,,,,,
53152129,CARRITO DE METAL,,,,,
53152130,CARRITO DE METAL,,,,,
53152131,CARRITO DE METAL,,,,,
53153701,MÁQINA DE COSER MANUAL,,,,,
53153702,MÁQINA DE COSER MANUAL,,,,,
53153703,MÁQINA DE COSER MANUAL,,,,,
53153704,MÁQINA DE COSER MANUAL,,,,,
53153705,MÁQINA DE COSER MANUAL,,,,,
53153706,MÁQINA DE COSER MANUAL,,,,,
53153707,MÁQINA DE COSER MANUAL,,,,,
53153708,MÁQINA DE COSER MANUAL,,,,,
53153709,MÁQINA DE COSER MANUAL,,,,,
53153710,MÁQINA DE COSER MANUAL,,,,,
53153711,MÁQINA DE COSER MANUAL,,,,,
53153712,MÁQINA DE COSER MANUAL,,,,,
53153713,MÁQINA DE COSER MANUAL,,,,,
53153714,MÁQINA DE COSER MANUAL,,,,,
53153715,MÁQINA DE COSER MANUAL,,,,,
53153716,MÁQINA DE COSER MANUAL,,,,,
53158101,FIGURAS DIDÁTICAS,,,,,
53159101,CAUTÍN,,,,,
53159102,CAUTÍN,,,,,
53159103,CAUTÍN,,,,,
53159104,CAUTÍN,,,,,
53159105,CAUTÍN,,,,,
53253101,INTERRUPTOR SENCILLO CON 10 PIEZAS,,,,,
53253102,INTERRUPTOR SENCILLO CON 10 PIEZAS,,,,,
53253201,CLAVIJAS (29 PIEZAS),21 PIEZAS,,,,
53253301,CHALUPA,,,,,
53253302,CHALUPA,,,,,
53253303,CHALUPA,,,,,
53253304,CHALUPA,,,,,
53253305,CHALUPA,,,,,
53253306,CHALUPA,,,,,
53253307,CHALUPA,,,,,
53253308,CHALUPA,,,,,
53253309,CHALUPA,,,,,
53253310,CHALUPA,,,,,
53253311,CHALUPA,,,,,
53253312,CHALUPA,ROTO,,,,
53253313,CHALUPA,ROTO,,,,
53253314,CHALUPA,,,,,
53253315,CHALUPA,,,,,
53253316,CHALUPA,,,,,
53253317,CHALUPA,,,,,
53253318,CHALUPA,,,,,
53253319,CHALUPA,INCOMPLETO,,,,
53253401,MOTOR ELÉCTRICO,,,,,
53253402,MOTOR ELÉCTRICO,,,,,
53253403,MOTOR ELÉCTRICO,,,,,
53253404,MOTOR ELÉCTRICO,,,,,
53253405,MOTOR ELÉCTRICO,,,,,
53253406,MOTOR ELÉCTRICO,,,,,
53253407,MOTOR ELÉCTRICO,,,,,
53253408,MOTOR ELÉCTRICO,,,,,
53253409,MOTOR ELÉCTRICO,,,,,
53253410,MOTOR ELÉCTRICO,,,,,
53253411,MOTOR ELÉCTRICO,,,,,
53253412,MOTOR ELÉCTRICO,,,,,
53253413,MOTOR ELÉCTRICO,,,,,
53253414,MOTOR ELÉCTRICO,,,,,
53253415,MOTOR ELÉCTRICO,SIN ETIQUETA,,,,
53253416,MOTOR ELÉCTRICO,,,,,
53253417,MOTOR ELÉCTRICO,,,,,
53253418,MOTOR ELÉCTRICO,,,,,
53253419,MOTOR ELÉCTRICO,,,,,
53253420,MOTOR ELÉCTRICO,,,,,
53253421,MOTOR ELÉCTRICO,,,,,
53253501,CONECTORES ELÉCTRICOS (107 PIEZAS),,,,,
53253502,100 CONECTORES ELÉCTRICOS (100 PIEZAS),,,,,
53253503,CONECTORES ELÉCTRICOS (100 PIEZAS),CAMBIO DE NUMERO CONSECUTIVO DE 02 A 03,,,,
53352201,CARRO DE PLÁSTICO DESARMABLE,,,,,
53352202,CARRO DE PLÁSTICO DESARMABLE,,,,,
53352203,CARRO DE PLÁSTICO DESARMABLE,,,,,
53352204,CARRO DE PLÁSTICO DESARMABLE,,,,,
53352205,CARRO DE PLÁSTICO DESARMABLE,,,,,
53352206,CARRO DE PLÁSTICO DESARMABLE,,,,,
53352207,CARRO DE PLÁSTICO DESARMABLE,,,,,
53352208,CARRO DE PLÁSTICO DESARMABLE,,,,,
53352209,CARRO DE PLÁSTICO DESARMABLE,,,,,
53352210,CARRO DE PLÁSTICO DESARMABLE,,,,,
53352211,CARRO DE PLÁSTICO DESARMABLE,,,,,
53352212,CARRO DE PLÁSTICO DESARMABLE,,,,,
53352213,CARRO DE PLÁSTICO DESARMABLE,,,,,
53352214,CARRO DE PLÁSTICO DESARMABLE,,,,,
53352215,CARRO DE PLÁSTICO DESARMABLE,,,,,
53352216,CARRO DE PLÁSTICO DESARMABLE,,,,,
53352217,CARRO DE PLÁSTICO DESARMABLE,,,,,
53352218,CARRO DE PLÁSTICO DESARMABLE,,,,,
53352219,CARRO DE PLÁSTICO DESARMABLE,,,,,
53352220,CARRO DE PLÁSTICO DESARMABLE,,,,,
53352221,CARRO DE PLÁSTICO DESARMABLE,,,,,
53352222,CARRO DE PLÁSTICO DESARMABLE,,,,,
53352223,CARRO DE PLÁSTICO DESARMABLE,,,,,
53352224,CARRO DE PLÁSTICO DESARMABLE,,,,,
53352225,CARRO DE PLÁSTICO DESARMABLE,,,,,
53352226,CARRO DE PLÁSTICO DESARMABLE,,,,,
53352227,CARRO DE PLÁSTICO DESARMABLE,,,,,
53352228,CARRO DE PLÁSTICO DESARMABLE,,,,,
53352229,CARRO DE PLÁSTICO DESARMABLE,,,,,
53352230,CARRO DE PLÁSTICO DESARMABLE,,,,,
53352231,CARRO DE PLÁSTICO DESARMABLE,,,,,
53352232,CARRO DE PLÁSTICO DESARMABLE,,,,,
53352233,CARRO DE PLÁSTICO DESARMABLE,,,,,
53352234,CARRO DE PLÁSTICO DESARMABLE,,,,,
53352235,CARRO DE PLÁSTICO DESARMABLE,,,,,
53353601,CAMBIO DE VELOCIDAD,,,,,
53353602,CAMBIO DE VELOCIDAD,,,,,
53353603,CAMBIO DE VELOCIDAD,,,,,
53353604,CAMBIO DE VELOCIDAD,,,,,
53353605,CAMBIO DE VELOCIDAD,,,,,
53353606,CAMBIO DE VELOCIDAD,,,,,
53353607,CAMBIO DE VELOCIDAD,,,,,
53353608,CAMBIO DE VELOCIDAD,,,,,
53353609,CAMBIO DE VELOCIDAD,,,,,
53353610,CAMBIO DE VELOCIDAD,,,,,
53353611,CAMBIO DE VELOCIDAD,,,,,
53353612,CAMBIO DE VELOCIDAD,,,,,
53353613,CAMBIO DE VELOCIDAD,,,,,
53353614,CAMBIO DE VELOCIDAD,,,,,
53353615,CAMBIO DE VELOCIDAD,,,,,
53353616,CAMBIO DE VELOCIDAD,,,,,
53353617,CAMBIO DE VELOCIDAD,,,,,
53353618,CAMBIO DE VELOCIDAD,,,,,
53353619,CAMBIO DE VELOCIDAD,,,,,
53353620,CAMBIO DE VELOCIDAD,,,,,
53353621,CAMBIO DE VELOCIDAD,,,,,
53353622,CAMBIO DE VELOCIDAD,,,,,
53353623,CAMBIO DE VELOCIDAD,,,,,
53353624,CAMBIO DE VELOCIDAD,,,,,
53353625,CAMBIO DE VELOCIDAD,,,,,
53353626,CAMBIO DE VELOCIDAD,,,,,
53353627,CAMBIO DE VELOCIDAD,,,,,
53353628,CAMBIO DE VELOCIDAD,,,,,
53353629,CAMBIO DE VELOCIDAD,,,,,
53353630,CAMBIO DE VELOCIDAD,,,,,
53456101,JUEGO MINI GOLF,,,,,
53456102,JUEGO MINI GOLF,,,,,
53456103,JUEGO MINI GOLF,,,,,
53456104,JUEGO MINI GOLF,,,,,
53456105,JUEGO MINI GOLF,,,,,
53456106,JUEGO MINI GOLF,,,,,
54111101,CRONÓMETRO SPORT LINE,NO ENCIENDE,,,,
54111102,CRONÓMETRO SPORT LINE,,,,,
54111103,CRONÓMETRO SPORT LINE,NO ENCIENDE,,,,
54111104,CRONÓMETRO SPORT LINE,NO ENCIENDE,,,,
54111105,CRONÓMETRO SPORT LINE,NO ENCIENDE,,,,
54111106,CRONÓMETRO SPORT LINE,NO ENCIENDE,,,,
54111107,CRONÓMETRO SPORT LINE,NO ENCIENDE,,,,
54111201,CRONÓMETRO EXTECH INSTRUMENTS,NO ENCIENDE,,,,
54111202,CRONÓMETRO EXTECH INSTRUMENTS,,,,,
54111203,CRONÓMETRO EXTECH INSTRUMENTS,,,,,
54111204,CRONÓMETRO EXTECH INSTRUMENTS,,,,,
54111205,CRONÓMETRO EXTECH INSTRUMENTS,,,,,
54111206,CRONÓMETRO EXTECH INSTRUMENTS,,,,,
54111207,CRONÓMETRO EXTECH INSTRUMENTS,,,,,
54111208,CRONÓMETRO EXTECH INSTRUMENTS,,,,,
54111209,CRONÓMETRO EXTECH INSTRUMENTS,,,,,
54111210,CRONÓMETRO EXTECH INSTRUMENTS,,,,,
54111211,CRONÓMETRO EXTECH INSTRUMENTS,,,,,
54111212,CRONÓMETRO EXTECH INSTRUMENTS,,,,,
54111213,CRONÓMETRO EXTECH INSTRUMENTS,,,,,
54111214,CRONÓMETRO EXTECH INSTRUMENTS,,,,,
54111215,CRONÓMETRO EXTECH INSTRUMENTS,,,,,
54111216,CRONÓMETRO EXTECH INSTRUMENTS,,,,,
54231401,DESARMADOR HUSKY PLANO,,,,,
54231402,DESARMADOR HUSKY PLANO,,,,,
54231403,DESARMADOR HUSKY PLANO,,,,,
54231404,DESARMADOR HUSKY PLANO,,,,,
54231601,DESARMADOR STANLEY PLANO 5mm LARGO,,,,,
54231602,DESARMADOR STANLEY PLANO 5mm LARGO,,,,,
54231603,DESARMADOR STANLEY PLANO 6 mm LARGO,,,,,
54231604,DESARMADOR STANLEY PLANO 6 mm LARGO,,,,,
54231605,DESARMADOR STANLEY PLANO 5 mm MEDIANO,,,,,
54231606,DESARMADOR STANLEY PLANO 5 mm MEDIANO,,,,,
54231607,DESARMADOR STANLEY PLANO 56mm MEDIANO,,,,,
54231608,DESARMADOR STANLEY PLANO 6 mm MEDIANO,,,,,
54231609,DESARMADOR PLANO STANLEY,,,,,
54231610,DESARMADOR PLANO STANLEY,,,,,
54231611,DESARMADOR PLANO STANLEY,,,,,
54231612,DESARMADOR PLANO STANLEY,,,,,
54231613,DESARMADOR PLANO STANLEY,,,,,
54231614,DESARMADOR PLANO STANLEY,,,,,
54231615,DESARMADOR PLANO STANLEY,,,,,
54231616,DESARMADOR PLANO STANLEY,,,,,
54231617,DESARMADOR PLANO STANLEY,,,,,
54231618,DESARMADOR PLANO STANLEY,,,,,
54231619,DESARMADOR PLANO STANLEY,,,,,
54231620,DESARMADOR PLANO STANLEY AFUERA,,,,,
54231902,DESARMADOR PLANO CHICO NEGRO,,,,,
54331501,DESARMADOR HUSKY CRUZ,,,,,
54331502,DESARMADOR HUSKY CRUZ,,,,,
54331503,DESARMADOR HUSKY CRUZ,,,,,
54331701,DESARMADOR STANLEY 1 PT,,,,,
54331702,DESARMADOR STANLEY 1 PT,,,,,
54331703,DESARMADOR STANLEY CRUZ 2 PT,,,,,
54331704,DESARMADOR STANLEY CRUZ 2 PT,,,,,
54331705,DESARMADOR CRUZ STANLEY,,,,,
54331706,DESARMADOR CRUZ STANLEY,,,,,
54331707,DESARMADOR CRUZ STANLEY,,,,,
54331708,DESARMADOR CRUZ STANLEY,,,,,
54331709,DESARMADOR CRUZ STANLEY,,,,,
54331804,DESARMADOR CON PUNTAS MULTIPLES,,,,,
54331805,DESARMADOR CON PUNTAS MULTIPLES,,,,,
54331806,DESARMADOR CON PUNTAS MULTIPLES,,,,,
54331901,ESTUCHE DESARMADOR RELOJERO,,,,,
54334103,JUEGO DE LLAVES TOOLCRAFT,,,,,
54412101,FLEXÓMETRO 3 m,,,,,
54412104,FLEXÓMETRO 3 m,,,,,
54412105,FLEXÓMETRO 3 m,,,,,
54412106,FLEXÓMETRO 5 m,,,,,
54412107,FLEXÓMETRO 3 m,,,,,
54412108,FLEXÓMETRO 3 m,,,,,
54412201,FLEXÓMETRO 5 m,,,,,
54412202,FLEXÓMETRO 5 m,,,,,
54412203,FLEXÓMETRO 5 m,,,,,
54412204,FLEXÓMETRO 5 m,,,,,
54412205,FLEXÓMETRO 5 m,,,,,
54412206,FLEXÓMETRO 5 m,,,,,
54412207,FLEXÓMETRO 3 m,,,,,
54413101,CINTA MÉTRICA,,,,,
54413102,CINTA METRICA 30m O 100 ft,,,,,
54413103,CINTA METRICA,,,,,
54413401,ODÓMETRO,,,,,
54413402,ODÓMETRO PRETUL,,,,,
54448101,LLAVE GABINETE DE BALANCEO DE LINEA,,,,,
54448102,LLAVE GABINETE DE BALANCEO DE LINEA,,,,,
55054109,BIN,,,,,
55054120,BIN,,,,,
55054126,BIN,,,,,
55054164,BIN AZUL CHICO,,,,,
55054166,BIN AZUL CHICO,,,,,
55054182,BIN ROJO MEDIANO,,,,,
55054188,BANDEJA,,,,,
55353602,CAMBIO DE VELOCIDAD,,,,,
56038103,TALADRO DE COLUMNA DE BANCO,,,,,
56038104,TALADRO DE COLUMNA DE BANCO,,,,,
56038203,SIERRA CALADORA,,,,,
56038204,SIERRA CALADORA,,,,,
57059901,SIMULADOR SMED,,,,,
57059902,SIMULADOR SMED,,,,,
57059903,SIMULADOR SMED,,,,,
57059904,MATERIAL DE APOYO,,,,,
57059905,KIT KANBAN,,,,,
57059906,TEMPORIZADOR,,,,,
57059907,TEMPORIZADOR,,,,,
57059908,TEMPORIZADOR,,,,,
57159905,BIN AMARILLO MEDIANO,,,,,
61141601,COMPUTADORA DELL,,,,,
61141602,COMPUTADORA DELL,,,,,
61141603,COMPUTADORA DELL,,,,,
61171701,ESCRITORIO,,,,,
61171702,ESCRITORIO,,,,,
61272001,ESTANTE,,,,,
61341701,IMPRESORA 3D,,,,,
61441801,MULTIFUNCIONAL,,,,,
,,,,,,
,,,,,,
,,,,,,
,,,,,,
,,,,,,
,,,,,,
